namesurname,surname,firstname,name,id,alternativename,province,politicalparty,Column
"Αβραμιδης, ΓαβριηλΓαβριήλ Αβραμίδης",Αβραμιδης, Γαβριηλ,Γαβριήλ Αβραμίδης,1,,Α' ΘΕΣΣΑΛΟΝΙΚΗΣ,anel,
"Αβραμοπουλος, ΔημητριοςΔημήτρης Αβραμόπουλος",Αβραμοπουλος, Δημητριος,Δημήτρης Αβραμόπουλος,2,,Α' ΑΘΗΝΩΝ,nd,
"Αγαθοπουλου, Ειρηνη-ΕλενηΕιρήνη-Ελένη Αγαθοπούλου *(bg)*",Αγαθοπουλου, Ειρηνη-Ελενη,Ειρήνη-Ελένη Αγαθοπούλου ,3,,ΚΙΛΚΙΣ,syriza,
"Αηδονης, ΧρηστοςΧρήστος Αηδόνης",Αηδονης, Χρηστος,Χρήστος Αηδόνης,4,,ΔΡΑΜΑΣ,pasok,
"Αθανασιου, ΑθανασιοςΑθανάσιος Αθανασίου (Νάσος)",Αθανασιου, Αθανασιος,Αθανάσιος Αθανασίου ,5,Νάσος Αθανασιου,ΑΤΤΙΚΗΣ,syriza,
"Αθανασιου, ΧαραλαμποςΧαράλαμπος Αθανασίου",Αθανασιου, Χαραλαμπος,Χαράλαμπος Αθανασίου,6,,ΕΠΙΚΡΑΤΕΙΑΣ,nd,
"Αλεξοπουλος, ΑποστολοςΑπόστολος Αλεξόπουλος",Αλεξοπουλος, Αποστολος,Απόστολος Αλεξόπουλος,7,,Α' ΑΘΗΝΩΝ,syriza,
"Αλεξοπουλος, ΧρυσοβαλαντηςΧρυσοβαλάντης Αλεξόπουλος *(fr)*",Αλεξοπουλος, Χρυσοβαλαντης,Χρυσοβαλάντης Αλεξόπουλος ,8,,ΛΑΡΙΣΗΣ,xa,
"Αμανατιδης, ΙωαννηςΙωάννης Αμανατίδης",Αμανατιδης, Ιωαννης,Ιωάννης Αμανατίδης,9,,Α' ΘΕΣΣΑΛΟΝΙΚΗΣ,syriza,
"Αμμανατιδου-Πασχαλιδου, ΕυαγγελιαΕυαγγελία Αμμανατίδου-Πασχαλίδου (Λίτσα) 
*(bg)*",Αμμανατιδου-Πασχαλιδου, Ευαγγελια,"Ευαγγελία Αμμανατίδου-Πασχαλίδου  
",10,Λίτσα Αμμανατιδου-Πασχαλιδου,Β' ΘΕΣΣΑΛΟΝΙΚΗΣ,syriza,
"Αναγνωστακης, ΔημητριοςΔημήτριος Αναγνωστάκης",Αναγνωστακης, Δημητριος,Δημήτριος Αναγνωστάκης,11,,ΕΥΒΟΙΑΣ,dimar,
", **",Αναγνωστοπουλος,Γιωργος,Γιώργος Αναγνωστόπουλος,12,,ΚΑΡΔΙΤΣΗΣ,nd,
"Αναστασιαδης, ΣαββαςΣάββας Αναστασιάδης *(bg)*",Αναστασιαδης, Σαββας,Σάββας Αναστασιάδης ,13,,Β' ΘΕΣΣΑΛΟΝΙΚΗΣ,nd,
"Ανδριανος, ΙωαννηςΓιάννης Ανδριανός",Ανδριανος, Ιωαννης,Γιάννης Ανδριανός,14,,ΑΡΓΟΛΙΔΟΣ,nd,
"Ανδρουλακης, ΔημητριοςΔημήτριος Ανδρουλάκης (Μίμης)",Ανδρουλακης, Δημητριος,Δημήτριος Ανδρουλάκης ,15,Μίμης Ανδρουλακης,Β' ΑΘΗΝΩΝ,pasok,
"Αντωνιου, ΜαριαΜαρία Αντωνίου",Αντωνιου, Μαρια,Μαρία Αντωνίου,16,,ΚΑΣΤΟΡΙΑΣ,nd,
"Αποστολου, ΕυαγγελοςΕυάγγελος Αποστόλου",Αποστολου, Ευαγγελος,Ευάγγελος Αποστόλου,17,,ΕΥΒΟΙΑΣ,syriza,
"Αραμπατζη, ΦωτεινηΦωτεινή Αραμπατζή *(bg)*",Αραμπατζη, Φωτεινη,Φωτεινή Αραμπατζή ,18,,ΣΕΡΡΩΝ,nd,
"Αρβανιτης-Αβραμης, ΜιχαηλΜιχαήλ Αρβανίτης-Αβράμης *(fr)*",Αρβανιτης-Αβραμης, Μιχαηλ,Μιχαήλ Αρβανίτης-Αβράμης ,19,,ΑΧΑΪΑΣ,xa,
"Αρβανιτοπουλος, ΚωνσταντινοςΚωνσταντίνος Αρβανιτόπουλος",Αρβανιτοπουλος, Κωνσταντινος,Κωνσταντίνος Αρβανιτόπουλος,20,,Α' ΠΕΙΡΑΙΩΣ,nd,
"Ασημακοπουλου, Αννα-ΜισελΆννα-Μισέλ Ασημακοπούλου",Ασημακοπουλου, Αννα-Μισελ,Άννα-Μισέλ Ασημακοπούλου,21,,ΙΩΑΝΝΙΝΩΝ,nd,
"Αυγενακης, ΕλευθεριοςΕλευθέριος Αυγενάκης",Αυγενακης, Ελευθεριος,Ελευθέριος Αυγενάκης,22,,ΗΡΑΚΛΕΙΟΥ,nd,
"Αυγερινοπουλου, Διονυσια-ΘεοδωραΔιονυσία-Θεοδώρα Αυγερινοπούλου *(en)*",Αυγερινοπουλου, Διονυσια-Θεοδωρα,Διονυσία-Θεοδώρα Αυγερινοπούλου ,23,,ΗΛΕΙΑΣ,nd,
"Αυλωνιτου, Ελενη*Ελένη Αυλωνίτου*",Ελενη,Αυλωνιτου,Ελένη Αυλωνίτου,24,,Β' ΑΘΗΝΩΝ,syriza,
"Βαλαβανη, Ολγα-ΝαντιαΌλγα-Νάντια Βαλαβάνη",Βαλαβανη, Ολγα-Ναντια,Όλγα-Νάντια Βαλαβάνη,25,,Β' ΑΘΗΝΩΝ,syriza,
"Βαμβακα, ΕυγενιαΕυγενία Βαμβακά (Τζένη)",Βαμβακα, Ευγενια,Ευγενία Βαμβακά ,26,Τζένη Βαμβακα,Β' ΠΕΙΡΑΙΩΣ,syriza,
"Βαρβιτσιωτης, ΜιλτιαδηςΜιλτιάδης Βαρβιτσιώτης",Βαρβιτσιωτης, Μιλτιαδης,Μιλτιάδης Βαρβιτσιώτης,27,,Β' ΑΘΗΝΩΝ,nd,
"Βαρεμενος, ΓεωργιοςΓεώργιος Βαρεμένος",Βαρεμενος, Γεωργιος,Γεώργιος Βαρεμένος,28,,ΑΙΤΩΛΙΑΣ ΚΑΙ AΚΑΡΝΑΝΙΑΣ,syriza,
"Βενιζελος, ΕυαγγελοςΕυάγγελος Βενιζέλος",Βενιζελος, Ευαγγελος,Ευάγγελος Βενιζέλος,29,,Α' ΘΕΣΣΑΛΟΝΙΚΗΣ,pasok,
"Βεσυροπουλος, ΑποστολοςΑπόστολος Βεσυρόπουλος *(bg)*",Βεσυροπουλος, Αποστολος,Απόστολος Βεσυρόπουλος ,30,,ΗΜΑΘΙΑΣ,nd,
"Βιρβιδακης, ΚυριακοςΚυριάκος Βιρβιδάκης",Βιρβιδακης, Κυριακος,Κυριάκος Βιρβιδάκης,31,,ΧΑΝΙΩΝ,nd,
"Βλαχβεης, ΜενελαοςΜενέλαος Βλάχβεης *(bg)*",Βλαχβεης, Μενελαος,Μενέλαος Βλάχβεης ,32,,ΣΕΡΡΩΝ,nd,
"Βλαχογιαννης, ΗλιαςΗλίας Βλαχογιάννης",Βλαχογιαννης, Ηλιας,Ηλίας Βλαχογιάννης,33,,ΤΡΙΚΑΛΩΝ,nd,
"Βλαχος, ΓεωργιοςΓεώργιος Βλάχος",Βλαχος, Γεωργιος,Γεώργιος Βλάχος,34,,ΑΤΤΙΚΗΣ,nd,
"Βογιατζης, ΠαυλοςΠαύλος Βογιατζής",Βογιατζης, Παυλος,Παύλος Βογιατζής,35,,ΛΕΣΒΟΥ,nd,
"Βολουδακης, Μανουσος-ΚωνσταντινοςΜανούσος-Κωνσταντίνος Βολουδάκης",Βολουδακης, Μανουσος-Κωνσταντινος,Μανούσος-Κωνσταντίνος Βολουδάκης,36,,ΧΑΝΙΩΝ,nd,
"Βοριδης, ΜαυρουδηςΜαυρουδής Βορίδης (Μάκης)",Βοριδης, Μαυρουδης,Μαυρουδής Βορίδης ,37,Μάκης Βοριδης,ΑΤΤΙΚΗΣ,nd,
"Βουδουρης, Οδυσσευς-ΝικοςΟδυσσεύς-Νίκος Βουδούρης",Βουδουρης, Οδυσσευς-Νικος,Οδυσσεύς-Νίκος Βουδούρης,38,,Β' ΑΘΗΝΩΝ,dimar,
"Βουλτεψη, ΣοφιαΣοφία Βούλτεψη",Βουλτεψη, Σοφια,Σοφία Βούλτεψη,39,,Β' ΑΘΗΝΩΝ,nd,
"Βουτσης, ΝικολαοςΝικόλαος Βούτσης",Βουτσης, Νικολαος,Νικόλαος Βούτσης,40,,Α' ΑΘΗΝΩΝ,syriza,
"Βρουτσης, ΙωαννηςΙωάννης Βρούτσης",Βρουτσης, Ιωαννης,Ιωάννης Βρούτσης,41,,ΚΥΚΛΑΔΩΝ,nd,
"Γαιτανη, ΙωανναΙωάννα Γαϊτάνη *(bg)*",Γαιτανη, Ιωαννα,Ιωάννα Γαϊτάνη ,42,,Α' ΘΕΣΣΑΛΟΝΙΚΗΣ,syriza,
"Γακης, ΔημητρηςΔημήτρης Γάκης",Γακης, Δημητρης,Δημήτρης Γάκης,43,,ΔΩΔΕΚΑΝΗΣΩΝ,syriza,
"Γελαλης, ΔημητρηςΔημήτρης Γελαλής",Γελαλης, Δημητρης,Δημήτρης Γελαλής,44,,ΛΑΡΙΣΗΣ,syriza,
"Γερασιμιδου, ΕλενηΕλένη Γερασιμίδου",Γερασιμιδου, Ελενη,Ελένη Γερασιμίδου,45,,Α' ΘΕΣΣΑΛΟΝΙΚΗΣ,kke,
"Γερμανιδης, ΑθανασιοςΑθανάσιος Γερμανίδης *(bg)*",Γερμανιδης, Αθανασιος,Αθανάσιος Γερμανίδης ,46,,ΦΛΩΡΙΝΗΣ,syriza,
"Γερμενης, ΓεωργιοςΓεώργιος Γερμενής *(fr)*",Γερμενης, Γεωργιος,Γεώργιος Γερμενής ,47,,Β' ΑΘΗΝΩΝ,xa,
"Γεροβασιλη, ΟλγαΌλγα Γεροβασίλη",Γεροβασιλη, Ολγα,Όλγα Γεροβασίλη,48,,ΑΡΤΗΣ,syriza,
"Γεροντοπουλος, ΚυριακοςΚυριάκος Γεροντόπουλος",Γεροντοπουλος, Κυριακος,Κυριάκος Γεροντόπουλος,49,,ΕΒΡΟΥ,nd,
"Γεωργαντας, ΓεωργιοςΓεώργιος Γεωργαντάς *(bg)*",Γεωργαντας, Γεωργιος,Γεώργιος Γεωργαντάς ,50,,ΚΙΛΚΙΣ,nd,
"Γεωργιαδης, Σπυριδων-αδωνιςΣπυρίδων-Άδωνις Γεωργιάδης",Γεωργιαδης, Σπυριδων-αδωνις,Σπυρίδων-Άδωνις Γεωργιάδης,51,,Β' ΑΘΗΝΩΝ,nd,
"Γεωργοπουλου-Σαλταρη, ΕυσταθιαΕυσταθία Γεωργοπούλου-Σάλταρη (Έφη)",Γεωργοπουλου-Σαλταρη, Ευσταθια,Ευσταθία Γεωργοπούλου-Σάλταρη ,52,Έφη Γεωργοπουλου-Σαλταρη,ΗΛΕΙΑΣ,syriza,
"Γιακουματος, ΓερασιμοςΓεράσιμος Γιακουμάτος",Γιακουματος, Γερασιμος,Γεράσιμος Γιακουμάτος,53,,Β' ΑΘΗΝΩΝ,nd,
"Γιαννακακη, ΜαριαΜαρία Γιαννακάκη",Γιαννακακη, Μαρια,Μαρία Γιαννακάκη,54,,Β' ΠΕΙΡΑΙΩΣ,dimar,
"Γιαταγανα, Χρυσουλα-ΜαριαΧρυσούλα-Μαρία Γιαταγάνα",Γιαταγανα, Χρυσουλα-Μαρια,Χρυσούλα-Μαρία Γιαταγάνα,55,,Α' ΘΕΣΣΑΛΟΝΙΚΗΣ,anel,
"Γιοβανοπουλος, ΚωνσταντινοςΚωνσταντίνος Γιοβανόπουλος *(bg)*",Γιοβανοπουλος, Κωνσταντινος,Κωνσταντίνος Γιοβανόπουλος ,56,,ΗΜΑΘΙΑΣ,anel,
"Γκερεκου, ΑντζελαΆντζελα Γκερέκου",Γκερεκου, Αντζελα,Άντζελα Γκερέκου,57,,ΚΕΡΚΥΡΑΣ,pasok,
"Γκιοκας, ΙωαννηςΙωάννης Γκιόκας",Γκιοκας, Ιωαννης,Ιωάννης Γκιόκας,58,,ΑΤΤΙΚΗΣ,kke,
"Γκιουλεκας, ΚωνσταντινοςΚωνσταντίνος Γκιουλέκας",Γκιουλεκας, Κωνσταντινος,Κωνσταντίνος Γκιουλέκας,59,,Α' ΘΕΣΣΑΛΟΝΙΚΗΣ,nd,
"Γκοκας, ΧρηστοςΧρήστος Γκόκας",Γκοκας, Χρηστος,Χρήστος Γκόκας,60,,ΑΡΤΗΣ,pasok,
"Γλεζος, ΕμμανουηλΕμμανουήλ Γλέζος",Γλεζος, Εμμανουηλ,Εμμανουήλ Γλέζος,61,,ΕΠΙΚΡΑΤΕΙΑΣ,syriza,
"Γρεγος, ΑντωνιοςΑντώνιος Γρέγος *(fr)*",Γρεγος, Αντωνιος,Αντώνιος Γρέγος ,62,,Α' ΘΕΣΣΑΛΟΝΙΚΗΣ,xa,
"Γρηγορακος, ΛεωνιδαςΛεωνίδας Γρηγοράκος",Γρηγορακος, Λεωνιδας,Λεωνίδας Γρηγοράκος,63,,ΛΑΚΩΝΙΑΣ,pasok,
"Δαβακης, ΑθανασιοςΑθανάσιος Δαβάκης",Δαβακης, Αθανασιος,Αθανάσιος Δαβάκης,64,,ΛΑΚΩΝΙΑΣ,nd,
"Δενδιας, Νικολαος-ΓεωργιοςΝικόλαος-Γεώργιος Δένδιας",Δενδιας, Νικολαος-Γεωργιος,Νικόλαος-Γεώργιος Δένδιας,65,,ΚΕΡΚΥΡΑΣ,nd,
"Δερμεντζοπουλος, ΑλεξανδροςΑλέξανδρος Δερμεντζόπουλος",Δερμεντζοπουλος, Αλεξανδρος,Αλέξανδρος Δερμεντζόπουλος,66,,ΕΒΡΟΥ,nd,
"Δερμιτζακης, ΚωνσταντινοςΚωστής Δερμιτζάκης",Δερμιτζακης, Κωνσταντινος,Κωστής Δερμιτζάκης,67,,ΛΑΣΙΘΙΟΥ,syriza,
"Δημαρας, ΙωαννηςΙωάννης Δημαράς",Δημαρας, Ιωαννης,Ιωάννης Δημαράς,68,,Β' ΑΘΗΝΩΝ,anel,
"Δημας, ΠυρροςΠύρρος Δήμας",Δημας, Πυρρος,Πύρρος Δήμας,69,,ΕΠΙΚΡΑΤΕΙΑΣ,pasok,
"Δημας, ΧριστοςΧρίστος Δήμας",Δημας, Χριστος,Χρίστος Δήμας,70,,ΚΟΡΙΝΘΙΑΣ,nd,
"Διακακη, ΜαριαΜαρία Διακάκη",Διακακη, Μαρια,Μαρία Διακάκη,71,,ΗΡΑΚΛΕΙΟΥ,syriza,
"Διαμαντοπουλος, ΕυαγγελοςΕυάγγελος Διαμαντόπουλος",Διαμαντοπουλος, Ευαγγελος,Ευάγγελος Διαμαντόπουλος,72,,ΚΑΣΤΟΡΙΑΣ,syriza,
"Διωτη, ΗρωΗρώ Διώτη",Διωτη, Ηρω,Ηρώ Διώτη,73,,ΛΑΡΙΣΗΣ,syriza,
"Δραγασακης, ΓιαννηςΓιάννης Δραγασάκης",Δραγασακης, Γιαννης,Γιάννης Δραγασάκης,74,,Β' ΑΘΗΝΩΝ,syriza,
"Δριβελεγκας, ΓιαννηςΓιάννης Δριβελέγκας",Δριβελεγκας, Γιαννης,Γιάννης Δριβελέγκας,75,,ΧΑΛΚΙΔΙΚΗΣ,pasok,
"Δριτσας, ΘεοδωροςΘεόδωρος Δρίτσας *(en)*",Δριτσας, Θεοδωρος,Θεόδωρος Δρίτσας ,76,,Α' ΠΕΙΡΑΙΩΣ,syriza,
"Δριτσελη, ΠαναγιωταΠαναγιώτα Δριτσέλη",Δριτσελη, Παναγιωτα,Παναγιώτα Δριτσέλη,77,,ΤΡΙΚΑΛΩΝ,syriza,
"Ζαρουλια, ΕλενηΕλένη Ζαρούλια *(fr)*",Ζαρουλια, Ελενη,Ελένη Ζαρούλια ,78,,Β' ΑΘΗΝΩΝ,xa,
"Ζαχαριας, ΚωνσταντινοςΚωνσταντίνος Ζαχαριάς",Ζαχαριας, Κωνσταντινος,Κωνσταντίνος Ζαχαριάς,79,,ΑΡΚΑΔΙΑΣ,syriza,
"Ζειμπεκ, ΧουσεινΧουσεΐν Ζεϊμπέκ",Ζειμπεκ, Χουσειν,Χουσεΐν Ζεϊμπέκ,80,,ΞΑΝΘΗΣ,syriza,
"Ζερδελης, ΙωαννηςΙωάννης Ζερδελής",Ζερδελης, Ιωαννης,Ιωάννης Ζερδελής,81,,ΛΕΣΒΟΥ,syriza,
"Ζησιμοπουλος, ΠολυβιοςΠολύβιος Ζησιμόπουλος *(fr)*",Ζησιμοπουλος, Πολυβιος,Πολύβιος Ζησιμόπουλος ,82,,Β' ΘΕΣΣΑΛΟΝΙΚΗΣ,xa,
"Ηλιοπουλος, ΠαναγιωτηςΠαναγιώτης Ηλιόπουλος *(fr)*",Ηλιοπουλος, Παναγιωτης,Παναγιώτης Ηλιόπουλος ,83,,ΜΑΓΝΗΣΙΑΣ,xa,
"Θεοπεφτατου, ΑφροδιτηΑφροδίτη Θεοπεφτάτου",Θεοπεφτατου, Αφροδιτη,Αφροδίτη Θεοπεφτάτου,84,,ΚΕΦΑΛΛΗΝΙΑΣ,syriza,
"Ιατριδη, ΤσαμπικαΤσαμπίκα Ιατρίδη (Μίκα)",Ιατριδη, Τσαμπικα,Τσαμπίκα Ιατρίδη ,85,Μίκα Ιατριδη,ΔΩΔΕΚΑΝΗΣΟΥ,anel,
"Ιγγλεζη, ΑικατερινηΑικατερίνη Ιγγλέζη *(bg)*",Ιγγλεζη, Αικατερινη,Αικατερίνη Ιγγλέζη ,86,,ΧΑΛΚΙΔΙΚΗΣ,syriza,
"Ιωαννιδης, ΙωαννηςΙωάννης Ιωαννίδης",Ιωαννιδης, Ιωαννης,Ιωάννης Ιωαννίδης,87,,Α' ΘΕΣΣΑΛΟΝΙΚΗΣ,nd,
"Κακλαμανης, ΑποστολοςΑπόστολος Κακλαμάνης",Κακλαμανης, Αποστολος,Απόστολος Κακλαμάνης,88,,Β' ΑΘΗΝΩΝ,pasok,
"Κακλαμανης, ΝικηταςΝικήτας Κακλαμάνης",Κακλαμανης, Νικητας,Νικήτας Κακλαμάνης,89,,Α' ΑΘΗΝΩΝ,nd,
"Καλαντζης, ΓεωργιοςΓεώργιος Καλαντζής *(bg)*",Καλαντζης, Γεωργιος,Γεώργιος Καλαντζής ,90,,ΚΑΒΑΛΑΣ,nd,
"Καλαφατης, ΣταυροςΣταύρος Καλαφάτης",Καλαφατης, Σταυρος,Σταύρος Καλαφάτης,91,,Α' ΘΕΣΣΑΛΟΝΙΚΗΣ,nd,
"Καλογερη, ΑγνηΑγνή Καλογερή",Καλογερη, Αγνη,Αγνή Καλογερή,92,,ΣΑΜΟΥ,syriza,
"Καλογιαννης, ΣταυροςΣταύρος Καλογιάννης",Καλογιαννης, Σταυρος,Σταύρος Καλογιάννης,93,,ΙΩΑΝΝΙΝΩΝ,nd,
"Καμμενος, ΠαναγιωτηςΠάνος Καμμένος",Καμμενος, Παναγιωτης,Πάνος Καμμένος,94,,Β' ΑΘΗΝΩΝ,anel,
"Κανελλη, ΓαρυφαλλιαΓαρυφαλλιά Κανέλλη (Λιάνα)",Κανελλη, Γαρυφαλλια,Γαρυφαλλιά Κανέλλη ,95,Λιάνα Κανελλη,Α' ΑΘΗΝΩΝ,kke,
"Κανελλοπουλου, ΜαριαΜαρία Κανελλοπούλου",Κανελλοπουλου, Μαρια,Μαρία Κανελλοπούλου,96,,ΑΧΑΪΑΣ,syriza,
"Καπερναρος, ΒασιλειοςΒασίλειος Καπερνάρος",Καπερναρος, Βασιλειος,Βασίλειος Καπερνάρος,97,,Β' ΑΘΗΝΩΝ,anel,
"Καρα Γιουσουφ, ΑιχανΑϊχάν Καρά Γιουσούφ *(en)*",Καρα Γιουσουφ, Αιχαν,Αϊχάν Καρά Γιουσούφ ,98,,ΡΟΔΟΠΗΣ,syriza,
"Καραγιαννιδης, ΧρηστοςΧρήστος Καραγιαννίδης",Καραγιαννιδης, Χρηστος,Χρήστος Καραγιαννίδης,99,,ΔΡΑΜΑΣ,syriza,
"Καραγκουνης, ΚωνσταντινοςΚωνσταντίνος Καραγκούνης",Καραγκουνης, Κωνσταντινος,Κωνσταντίνος Καραγκούνης,100,,ΑΙΤΩΛΙΑΣ ΚΑΙ AΚΑΡΝΑΝΙΑΣ,nd,
"Καραθανασοπουλος, ΝικολαοςΝικόλαος Καραθανασόπουλος",Καραθανασοπουλος, Νικολαος,Νικόλαος Καραθανασόπουλος,101,,ΑΧΑΪΑΣ,kke,
"Καραμανλή, ΆνναΆννα Καραμανλή",Καραμανλή, Άννα,Άννα Καραμανλή,102,,Β' ΑΘΗΝΩΝ,nd,
"Καραμανλης, ΚωνσταντινοςΚωνσταντίνος Καραμανλής",Καραμανλης, Κωνσταντινος,Κωνσταντίνος Καραμανλής,103,,Α' ΘΕΣΣΑΛΟΝΙΚΗΣ,nd,
"Καραμπελας, ΙωαννηςΙωάννης Καράμπελας",Καραμπελας, Ιωαννης,Ιωάννης Καράμπελας,104,,ΒΟΙΩΤΙΑΣ,nd,
"Καρανασιος, ΕυθυμιοςΕυθύμιος Καρανάσιος",Καρανασιος, Ευθυμιος,Ευθύμιος Καρανάσιος,105,,ΧΑΛΚΙΔΙΚΗΣ,nd,
"Καραογλου, ΘεοδωροςΘεόδωρος Καράογλου",Καραογλου, Θεοδωρος,Θεόδωρος Καράογλου,106,,Β' ΘΕΣΣΑΛΟΝΙΚΗΣ,nd,
"Καρασμανης, ΓεωργιοςΓεώργιος Καρασμάνης *(bg)*",Καρασμανης, Γεωργιος,Γεώργιος Καρασμάνης ,107,,ΠΕΛΛΗΣ,nd,
"Κασαπιδης, ΓεωργιοςΓεώργιος Κασαπίδης *(bg)*",Κασαπιδης, Γεωργιος,Γεώργιος Κασαπίδης ,108,,ΚΟΖΑΝΗΣ,nd,
"Κασιδιαρης, ΗλιαςΗλίας Κασιδιάρης",Κασιδιαρης, Ηλιας,Ηλίας Κασιδιάρης,109,,ΑΤΤΙΚΗΣ,xa,
"Κασσης, ΜιχαηλΜιχαήλ Κασσής",Κασσης, Μιχαηλ,Μιχαήλ Κασσής,110,,ΙΩΑΝΝΙΝΩΝ,pasok,
"Κατριβανου, ΒασιλικηΒασιλική Κατριβάνου",Κατριβανου, Βασιλικη,Βασιλική Κατριβάνου,111,,Β' ΑΘΗΝΩΝ,syriza,
"Κατσαφαδος, ΚωνσταντινοςΚωνσταντίνος Κατσαφάδος",Κατσαφαδος, Κωνσταντινος,Κωνσταντίνος Κατσαφάδος,112,,Α' ΠΕΙΡΑΙΩΣ,nd,
"Κατσωτης, ΧρηστοςΧρήστος Κατσώτης",Κατσωτης, Χρηστος,Χρήστος Κατσώτης,113,,Β' ΑΘΗΝΩΝ,kke,
"Καφανταρη, ΧαρουλαΧαρούλα Καφαντάρη (Χαρά)",Καφανταρη, Χαρουλα,Χαρούλα Καφαντάρη ,114,Χαρά Καφανταρη,Β' ΑΘΗΝΩΝ,syriza,
"Κεγκερογλου, ΒασιλειοςΒασίλειος Κεγκέρογλου",Κεγκερογλου, Βασιλειος,Βασίλειος Κεγκέρογλου,115,,ΗΡΑΚΛΕΙΟΥ,pasok,
"Κεδικογλου, ΣίμοςΣυμεών Κεδίκογλου (Σίμος)",Κεδικογλου, Σίμος,Συμεών Κεδίκογλου ,116,Σίμος Κεδικογλου,ΕΥΒΟΙΑΣ,nd,
"Κεδικογλου, ΣυμεωνΣυμεών Κεδίκογλου",Κεδικογλου, Συμεων,Συμεών Κεδίκογλου,117,,ΕΥΒΟΙΑΣ,pasok,
"Κελλας, ΧρηστοςΧρήστος Κέλλας",Κελλας, Χρηστος,Χρήστος Κέλλας,118,,ΛΑΡΙΣΗΣ,nd,
"Κεφαλογιαννη, ΟλγαΌλγα Κεφαλογιάννη",Κεφαλογιαννη, Ολγα,Όλγα Κεφαλογιάννη,119,,Α' ΑΘΗΝΩΝ,nd,
"Κεφαλογιαννης, ΕμμανουηλΕμμανουήλ Κεφαλογιάννης",Κεφαλογιαννης, Εμμανουηλ,Εμμανουήλ Κεφαλογιάννης,120,,ΗΡΑΚΛΕΙΟΥ,nd,
"Κεφαλογιαννης, ΙωαννηςΙωάννης Κεφαλογιάννης",Κεφαλογιαννης, Ιωαννης,Ιωάννης Κεφαλογιάννης,121,,ΡΕΘΥΜΝΟΥ,nd,
"Κικιλιας, ΒασιλειοςΒασίλειος Κικίλιας *(en)*",Κικιλιας, Βασιλειος,Βασίλειος Κικίλιας ,122,,Α' ΑΘΗΝΩΝ,nd,
"Κλειτσιώτης, ΚωνσταντινοςΚωνσταντίνος Κλειτσιώτης",Κλειτσιώτης, Κωνσταντινος,Κωνσταντίνος Κλειτσιώτης,123,,ΚΑΒΑΛΑΣ,nd,
"Κοδελας, ΔημητριοςΔημήτριος Κοδέλας",Κοδελας, Δημητριος,Δημήτριος Κοδέλας,124,,ΑΡΓΟΛΙΔΟΣ,syriza,
"Κολλια-Τσαρουχα, ΜαριαΜαρία Κόλλια-Τσαρουχά",Κολλια-Τσαρουχα, Μαρια,Μαρία Κόλλια-Τσαρουχά,125,,ΣΕΡΡΩΝ,anel,
"Κολλιας, ΚωνσταντινοςΚώστας Κόλλιας",Κολλιας, Κωνσταντινος,Κώστας Κόλλιας,126,,ΚΟΡΙΝΘΙΑΣ,nd,
"Κονσολας, ΕμμανουηλΕμμανουήλ Κόνσολας",Κονσολας, Εμμανουηλ,Εμμανουήλ Κόνσολας,127,,ΔΩΔΕΚΑΝΗΣΟΥ,nd,
"Κοντογεωργος, ΚωνσταντινοςΚωνσταντίνος Κοντογεώργος",Κοντογεωργος, Κωνσταντινος,Κωνσταντίνος Κοντογεώργος,128,,ΕΥΡΥΤΑΝΙΑΣ,nd,
"Κοντογιαννης, ΓεωργιοςΓεώργιος Κοντογιάννης",Κοντογιαννης, Γεωργιος,Γεώργιος Κοντογιάννης,129,,ΗΛΕΙΑΣ,nd,
"Κοντονης, ΣταυροςΣταύρος Κοντονής",Κοντονης, Σταυρος,Σταύρος Κοντονής,130,,ΖΑΚΥΝΘΟΥ,syriza,
"Κοντος, ΑλεξανδροςΑλέξανδρος Κοντός",Κοντος, Αλεξανδρος,Αλέξανδρος Κοντός,131,,ΞΑΝΘΗΣ,nd,
"Κουβελης, Φωτιος-ΦανουριοςΦώτιος-Φανούριος Κουβέλης",Κουβελης, Φωτιος-Φανουριος,Φώτιος-Φανούριος Κουβέλης,132,,Β' ΑΘΗΝΩΝ,dimar,
"Κουζηλος, ΝικολαοςΝικόλαος Κούζηλος *(fr)*",Κουζηλος, Νικολαος,Νικόλαος Κούζηλος ,133,,Α' ΠΕΙΡΑΙΩΣ,xa,
"Κουικ, Τερενς-Σπενσερ-ΝικολαοςΤέρενς-Σπένσερ-Νικόλαος Κουίκ",Κουικ, Τερενς-Σπενσερ-Νικολαος,Τέρενς-Σπένσερ-Νικόλαος Κουίκ,134,,ΕΠΙΚΡΑΤΕΙΑΣ,anel,
"Κουκοδημος, ΚωνσταντινοςΚωνσταντίνος Κουκοδήμος",Κουκοδημος, Κωνσταντινος,Κωνσταντίνος Κουκοδήμος,135,,ΠΙΕΡΙΑΣ,nd,
"Κουκουλοπουλος, ΠαρασκευαςΠαρασκευάς Κουκουλόπουλος (Πάρις)",Κουκουλοπουλος, Παρασκευας,Παρασκευάς Κουκουλόπουλος ,136,Πάρις Κουκουλοπουλος,ΚΟΖΑΝΗΣ,pasok,
"Κουκουτσης, ΔημητριοςΔημήτριος Κουκούτσης *(fr)*",Κουκουτσης, Δημητριος,Δημήτριος Κουκούτσης ,137,,ΜΕΣΣΗΝΙΑΣ,xa,
"Κουντουρα, ελεναΈλενα Κουντουρά",Κουντουρα, ελενα,Έλενα Κουντουρά,138,,Α' ΑΘΗΝΩΝ,anel,
"Κουρακης, ΑναστασιοςΑναστάσιος Κουράκης (Τάσος)",Κουρακης, Αναστασιος,Αναστάσιος Κουράκης ,139,Τάσος Κουρακης,Α' ΘΕΣΣΑΛΟΝΙΚΗΣ,syriza,
"Κουρακος, ΙωαννηςΙωάννης Κουράκος",Κουρακος, Ιωαννης,Ιωάννης Κουράκος,140,,Β' ΠΕΙΡΑΙΩΣ,anel,
"Κουρουμπλης, ΠαναγιωτηςΠαναγιώτης Κουρουμπλής",Κουρουμπλης, Παναγιωτης,Παναγιώτης Κουρουμπλής,141,,Β' ΑΘΗΝΩΝ,syriza,
"Κουτσογιαννακοπουλος, ΚωσταςΚώστας Κουτσογιαννακόπουλος",Κουτσογιαννακοπουλος, Κωστας,Κώστας Κουτσογιαννακόπουλος,142,,ΦΘΙΩΤΙΔΑΣ,nd,
"Κουτσουκος, ΓιαννηςΓιάννης Κουτσούκος",Κουτσουκος, Γιαννης,Γιάννης Κουτσούκος,143,,ΗΛΕΙΑΣ,pasok,
"Κουτσουμπας, ΑνδρεαςΑνδρέας Κουτσούμπας",Κουτσουμπας, Ανδρεας,Ανδρέας Κουτσούμπας,144,,ΒΟΙΩΤΙΑΣ,nd,
"Κοψαχειλης, ΤιμολεωνΤιμολέων Κοψαχείλης",Κοψαχειλης, Τιμολεων,Τιμολέων Κοψαχείλης,145,,ΓΡΕΒΕΝΩΝ,nd,
"Κρεμαστινος, ΔημητριοςΔημήτριος Κρεμαστινός",Κρεμαστινος, Δημητριος,Δημήτριος Κρεμαστινός,146,,ΔΩΔΕΚΑΝΗΣΟΥ,pasok,
"Κριτσωτακης, ΜιχαηλΜιχαήλ Κριτσωτάκης",Κριτσωτακης, Μιχαηλ,Μιχαήλ Κριτσωτάκης,147,,ΗΡΑΚΛΕΙΟΥ,syriza,
"Κυριαζιδης, ΔημητριοςΔημήτριος Κυριαζίδης",Κυριαζιδης, Δημητριος,Δημήτριος Κυριαζίδης,148,,ΔΡΑΜΑΣ,nd,
"Κυριακακης, ΒασιλειοςΒασίλειος Κυριακάκης",Κυριακακης, Βασιλειος,Βασίλειος Κυριακάκης,149,,ΦΘΙΩΤΙΔΑΣ,syriza,
"Κυριτσης, ΓεωργιοςΓεώργιος Κυρίτσης",Κυριτσης, Γεωργιος,Γεώργιος Κυρίτσης,150,,ΤΡΙΚΑΛΩΝ,dimar,
"Κωνσταντινιδης, ΕυσταθιοςΕυστάθιος Κωνσταντινίδης *(bg)*",Κωνσταντινιδης, Ευσταθιος,Ευστάθιος Κωνσταντινίδης ,151,,ΦΛΩΡΙΝΗΣ,nd,
"Κωνσταντινιδης, ΘεοδοσιοςΘεοδόσιος Κωνσταντινίδης",Κωνσταντινιδης, Θεοδοσιος,Θεοδόσιος Κωνσταντινίδης,152,,Α' ΘΕΣΣΑΛΟΝΙΚΗΣ,kke,
"Κωνσταντινοπουλος, ΟδυσσεαςΟδυσσέας Κωνσταντινόπουλος",Κωνσταντινοπουλος, Οδυσσεας,Οδυσσέας Κωνσταντινόπουλος,153,,ΑΡΚΑΔΙΑΣ,pasok,
"Κωνσταντοπουλος, ΓεωργιοςΓεώργιος Κωνσταντόπουλος",Κωνσταντοπουλος, Γεωργιος,Γεώργιος Κωνσταντόπουλος,154,,ΠΙΕΡΙΑΣ,nd,
"Κωνσταντοπουλου, ΖωηΖωή Κωνσταντοπούλου",Κωνσταντοπουλου, Ζωη,Ζωή Κωνσταντοπούλου,155,,Α' ΑΘΗΝΩΝ,syriza,
"Λαγος, ΙωαννηςΙωάννης Λαγός *(fr)*",Λαγος, Ιωαννης,Ιωάννης Λαγός ,156,,Β' ΠΕΙΡΑΙΩΣ,xa,
"Λαζαριδης, ΧρυσανθοςΧρύσανθος Λαζαρίδης",Λαζαριδης, Χρυσανθος,Χρύσανθος Λαζαρίδης,157,,ΕΠΙΚΡΑΤΕΙΑΣ,nd,
"Λαμπροπουλος, ΙωαννηςΙωάννης Λαμπρόπουλος",Λαμπροπουλος, Ιωαννης,Ιωάννης Λαμπρόπουλος,158,,ΜΕΣΣΗΝΙΑΣ,nd,
"Λαμπρουλης, ΓεωργιοςΓεώργιος Λαμπρούλης",Λαμπρουλης, Γεωργιος,Γεώργιος Λαμπρούλης,159,,ΛΑΡΙΣΗΣ,kke,
"Λαφαζανης, ΠαναγιωτηςΠαναγιώτης Λαφαζάνης",Λαφαζανης, Παναγιωτης,Παναγιώτης Λαφαζάνης,160,,Β' ΠΕΙΡΑΙΩΣ,syriza,
"Λεονταριδης, ΘεοφιλοςΘεόφιλος Λεονταρίδης *(bg)*",Λεονταριδης, Θεοφιλος,Θεόφιλος Λεονταρίδης ,161,,ΣΕΡΡΩΝ,nd,
"Λοβερδος, ΑνδρεαςΑνδρέας Λοβέρδος",Λοβερδος, Ανδρεας,Ανδρέας Λοβέρδος,162,,Β' ΑΘΗΝΩΝ,pasok,
"Λυκουδης, ΣπυριδωνΣπύρος Λυκούδης",Λυκουδης, Σπυριδων,Σπύρος Λυκούδης,163,,ΕΠΙΚΡΑΤΕΙΑΣ,dimar,
"Λυκουρεντζος, ΑνδρεαςΑνδρέας Λυκουρέντζος",Λυκουρεντζος, Ανδρεας,Ανδρέας Λυκουρέντζος,164,,ΑΡΚΑΔΙΑΣ,nd,
"Μακρη, Ζεττα*Ζωή Μακρή* (Ζέττα)",Μακρη,Ζέττα,Ζωή Μακρή,165,,ΜΑΓΝΗΣΙΑΣ,nd,
"Μακρη, ΡαχηλΡαχήλ Μακρή *(bg)*",Μακρη, Ραχηλ,Ραχήλ Μακρή ,166,,ΚΟΖΑΝΗΣ,anel,
"Μακρη-θεοδωρου, ΕλένηΕλένη Μακρή-Θεοδώρου",Μακρη-θεοδωρου, Ελένη,Ελένη Μακρή-Θεοδώρου,167,,ΦΘΙΩΤΙΔΑΣ,nd,
"Μανδρεκα, ΑσπασιαΑσπασία Μανδρέκα",Μανδρεκα, Ασπασια,Ασπασία Μανδρέκα,168,,ΦΩΚΙΔΟΣ,nd,
"Μανη-παπαδημητριου, ΑνναΆννα Μάνη-Παπαδημητρίου",Μανη-παπαδημητριου, Αννα,Άννα Μάνη-Παπαδημητρίου,169,,ΠΙΕΡΙΑΣ,nd,
"Μανιατης, ΙωαννηςΙωάννης Μανιάτης",Μανιατης, Ιωαννης,Ιωάννης Μανιάτης,170,,ΑΡΓΟΛΙΔΟΣ,pasok,
"Μαντας, ΧρηστοςΧρήστος Μαντάς",Μαντας, Χρηστος,Χρήστος Μαντάς,171,,ΙΩΑΝΝΙΝΩΝ,syriza,
"Μανωλακου, ΔιαμαντωΔιαμάντω Μανωλάκου",Μανωλακου, Διαμαντω,Διαμάντω Μανωλάκου,172,,Β' ΠΕΙΡΑΙΩΣ,kke,
"Μαριας, ΕπαμεινωνδαςΕπαμεινώνδας Μαριάς (Νότης)",Μαριας, Επαμεινωνδας,Επαμεινώνδας Μαριάς ,173,Νότης Μαριας,ΗΡΑΚΛΕΙΟΥ,anel,
"Μαρινος, ΑνδρεαςΑνδρέας Μαρίνος",Μαρινος, Ανδρεας,Ανδρέας Μαρίνος,174,,ΗΛΕΙΑΣ,nd,
"Μαρκογιαννακης, ΧρηστοςΧρήστος Μαρκογιαννάκης",Μαρκογιαννακης, Χρηστος,Χρήστος Μαρκογιαννάκης,175,,ΧΑΝΙΩΝ,nd,
"Μαρκοπουλος, ΚωνσταντινοςΚωνσταντίνος Μαρκόπουλος",Μαρκοπουλος, Κωνσταντινος,Κωνσταντίνος Μαρκόπουλος,176,,ΕΥΒΟΙΑΣ,anel,
"Μαρκου, ΑικατερινηΑικατερίνη Μάρκου",Μαρκου, Αικατερινη,Αικατερίνη Μάρκου,177,,Β' ΘΕΣΣΑΛΟΝΙΚΗΣ,dimar,
"Μαρτινου, ΓεωργιαΓεωργία Μαρτίνου",Μαρτινου, Γεωργια,Γεωργία Μαρτίνου,178,,ΑΤΤΙΚΗΣ,nd,
"Ματθαιοπουλος, Αρτεμιος*Αρτέμιος Ματθαιόπουλος*",Ματθαιόπουλος,Αρτέμιος,Αρτέμης Ματθαιόπουλος,179,,ΣΕΡΡΩΝ,nd,
"Μεϊκόπουλος, ΑλέξανδροςΑλέξανδρος Μεϊκόπουλος",Μεϊκόπουλος, Αλέξανδρος,Αλέξανδρος Μεϊκόπουλος,180,,ΜΑΓΝΗΣΙΑΣ,syriza,
"Μειμαρακης, Ευαγγελος-ΒασιλειοςΕυάγγελος-Βασίλειος Μεϊμαράκης",Μειμαρακης, Ευαγγελος-Βασιλειος,Ευάγγελος-Βασίλειος Μεϊμαράκης,181,,Β' ΑΘΗΝΩΝ,nd,
"Μελας, ΠαναγιωτηςΠαναγιώτης Μελάς",Μελας, Παναγιωτης,Παναγιώτης Μελάς,182,,Α' ΠΕΙΡΑΙΩΣ,anel,
"Μηταρακης, ΠαναγιωτηςΠαναγιώτης Μηταράκης (Νότης)",Μηταρακης, Παναγιωτης,Παναγιώτης Μηταράκης ,183,Νότης Μηταρακης,Α' ΑΘΗΝΩΝ,nd,
"Μητροπουλος, ΑλεξιοςΑλέξιος Μητρόπουλος",Μητροπουλος, Αλεξιος,Αλέξιος Μητρόπουλος,184,,ΑΤΤΙΚΗΣ,syriza,
"Μητσοτακης, ΚυριακοςΚυριάκος Μητσοτάκης",Μητσοτακης, Κυριακος,Κυριάκος Μητσοτάκης,185,,Β' ΑΘΗΝΩΝ,nd,
"Μιχαλακης, ΝικολαοςΝικόλαος Μιχαλάκης",Μιχαλακης, Νικολαος,Νικόλαος Μιχαλάκης,186,,ΚΑΡΔΙΤΣΗΣ,syriza,
"Μιχαλολιακος, ΝικολαοςΝικόλαος Μιχαλολιάκος",Μιχαλολιακος, Νικολαος,Νικόλαος Μιχαλολιάκος,187,,Α' ΑΘΗΝΩΝ,xa,
"Μιχελακης, ΙωαννηςΓιάννης Μιχελάκης",Μιχελακης, Ιωαννης,Γιάννης Μιχελάκης,188,,ΕΠΙΚΡΑΤΕΙΑΣ,nd,
"Μιχελογιαννακης, ΙωαννηςΙωάννης Μιχελογιαννάκης",Μιχελογιαννακης, Ιωαννης,Ιωάννης Μιχελογιαννάκης,189,,ΗΡΑΚΛΕΙΟΥ,dimar,
"Μιχος, ΝικολαοςΝικόλαος Μίχος *(fr)*",Μιχος, Νικολαος,Νικόλαος Μίχος ,190,,ΕΥΒΟΙΑΣ,xa,
"Μουτσινας, ΠαρισηςΠαρίσης Μουτσινάς (Πάρις)",Μουτσινας, Παρισης,Παρίσης Μουτσινάς ,191,Πάρις Μουτσινας,ΜΑΓΝΗΣΙΑΣ,dimar,
"Μπακογιαννη, ΘεοδωραΘεοδώρα Μπακογιάννη (Ντόρα)",Μπακογιαννη, Θεοδωρα,Θεοδώρα Μπακογιάννη ,192,Ντόρα Μπακογιαννη,ΕΠΙΚΡΑΤΕΙΑΣ,nd,
"Μπαρκας, ΚωσταςΚώστας Μπάρκας",Μπαρκας, Κωστας,Κώστας Μπάρκας,193,,ΠΡΕΒΕΖΗΣ,syriza,
"Μπαρμπαρουσης, ΚωνσταντινοςΚωνσταντίνος Μπαρμπαρούσης *(fr)*",Μπαρμπαρουσης, Κωνσταντινος,Κωνσταντίνος Μπαρμπαρούσης ,194,,ΑΙΤΩΛΙΑΣ ΚΑΙ AΚΑΡΝΑΝΙΑΣ,xa,
"Μπασιακος, ΕυαγγελοςΕυάγγελος Μπασιάκος",Μπασιακος, Ευαγγελος,Ευάγγελος Μπασιάκος,195,,ΒΟΙΩΤΙΑΣ,nd,
"Μπατσαρα, ΓεωργίαΓεωργία Μπατσαρά *(bg)*",Μπατσαρα, Γεωργία,Γεωργία Μπατσαρά ,196,,ΗΜΑΘΙΑΣ,nd,
"Μπεζας, ΑντωνιοςΑντώνιος Μπέζας",Μπεζας, Αντωνιος,Αντώνιος Μπέζας,197,,ΘΕΣΠΡΩΤΙΑΣ,nd,
"Μπολαρη, ΜαριαΜαρία Μπόλαρη",Μπολαρη, Μαρια,Μαρία Μπόλαρη,198,,Α' ΑΘΗΝΩΝ,syriza,
"Μπολαρης, ΜαρκοςΜάρκος Μπόλαρης",Μπολαρης, Μαρκος,Μάρκος Μπόλαρης,199,,ΣΕΡΡΩΝ,pasok,
"Μπουκουρας, ΕυσταθιοςΕυστάθιος Μπούκουρας *(fr)*",Μπουκουρας, Ευσταθιος,Ευστάθιος Μπούκουρας ,200,,ΚΟΡΙΝΘΙΑΣ,xa,
"Μπουρας, ΑθανασιοςΑθανάσιος Μπούρας",Μπουρας, Αθανασιος,Αθανάσιος Μπούρας,201,,ΑΤΤΙΚΗΣ,nd,
"Μπριανης, Δημητριος*Δημήτριος Μπριάνης*",Μπριάνης,Μπριάνης,Δημήτριος ,202,,ΦΘΙΩΤΙΔΑΣ,nd,
"Μωραιτακης, Αλεξανδρος**",Μωραϊτάκης,Αλέξανδρος ,Αλέξανδρος Μωραϊτάκης,203,,Α' ΑΘΗΝΩΝ,nd,
"Μωραιτης, ΑθανασιοςΑθανάσιος Μωραΐτης (Θάνος)",Μωραιτης, Αθανασιος,Αθανάσιος Μωραΐτης ,204,Θάνος Μωραιτης,ΑΙΤΩΛΙΑΣ ΚΑΙ AΚΑΡΝΑΝΙΑΣ,pasok,
"Μωραιτης, ΝικολαοςΝικόλαος Μωραΐτης",Μωραιτης, Νικολαος,Νικόλαος Μωραΐτης,205,,ΑΙΤΩΛΙΑΣ ΚΑΙ AΚΑΡΝΑΝΙΑΣ,kke,
"Νεράντζης, ΑναστασιοςΑναστάσιος Νεράντζης",Νεράντζης, Αναστασιος,Αναστάσιος Νεράντζης,206,,Β' ΠΕΙΡΑΙΩΣ,nd,
"Νικολοπουλος, ΝικοςΝίκος Νικολόπουλος",Νικολοπουλος, Νικος,Νίκος Νικολόπουλος,207,,ΑΧΑΪΑΣ,nd,
"Νταβλουρος, ΑθανασιοςΑθανάσιος Νταβλούρος",Νταβλουρος, Αθανασιος,Αθανάσιος Νταβλούρος,208,,ΑΧΑΪΑΣ,nd,
"Νταβρης, ΓεωργιοςΓεώργιος Νταβρής",Νταβρης, Γεωργιος,Γεώργιος Νταβρής,209,,ΑΧΑΪΑΣ,anel,
"Ντινοπουλος, ΑργυρηςΑργύρης Ντινόπουλος",Ντινοπουλος, Αργυρης,Αργύρης Ντινόπουλος,210,,Β' ΑΘΗΝΩΝ,nd,
"Ντολιος, ΓιωργοςΓιώργος Ντόλιος",Ντολιος, Γιωργος,Γιώργος Ντόλιος,211,,ΕΒΡΟΥ,pasok,
"Ξανθος, ΑνδρεαςΑνδρέας Ξανθός",Ξανθος, Ανδρεας,Ανδρέας Ξανθός,212,,ΡΕΘΥΜΝΗΣ,syriza,
"Ξηροτυρη-Αικατεριναρη, ΑσημιναΑσημίνα Ξηροτύρη-Αικατερινάρη",Ξηροτυρη-Αικατεριναρη, Ασημινα,Ασημίνα Ξηροτύρη-Αικατερινάρη,213,,Α' ΘΕΣΣΑΛΟΝΙΚΗΣ,dimar,
"Ξουλιδου, ΣταυρουλαΣταυρούλα Ξουλίδου",Ξουλιδου, Σταυρουλα,Σταυρούλα Ξουλίδου,214,,Β' ΘΕΣΣΑΛΟΝΙΚΗΣ,anel,
"Οικονομου, ΒασιλειοςΒασίλειος Οικονόμου",Οικονομου, Βασιλειος,Βασίλειος Οικονόμου,215,,ΑΤΤΙΚΗΣ,dimar,
"Ορφανος, ΓεωργιοςΓεώργιος Ορφανός",Ορφανος, Γεωργιος,Γεώργιος Ορφανός,216,,Α' ΘΕΣΣΑΛΟΝΙΚΗΣ,nd,
"Ουζουνιδης, ΜαρινοςΜαρίνος Ουζουνίδης",Ουζουνιδης, Μαρινος,Μαρίνος Ουζουνίδης,217,,ΕΒΡΟΥ,anel,
"Ουζουνιδου, ΕυγενιαΕυγενία Ουζουνίδου *(bg)*",Ουζουνιδου, Ευγενια,Ευγενία Ουζουνίδου ,218,,ΚΟΖΑΝΗΣ,syriza,
"Παναγιωταρος, ΗλιαςΗλίας Παναγιώταρος",Παναγιωταρος, Ηλιας,Ηλίας Παναγιώταρος,219,,Β' ΑΘΗΝΩΝ,xa,
"Παναγιωτοπουλος, ΝικολαοςΝικόλαος Παναγιωτόπουλος",Παναγιωτοπουλος, Νικολαος,Νικόλαος Παναγιωτόπουλος,220,,ΚΑΒΑΛΑΣ,nd,
"Παναγιωτοπουλος, ΠαναγιωτηςΠαναγιώτης Παναγιωτόπουλος (Πάνος)",Παναγιωτοπουλος, Παναγιωτης,Παναγιώτης Παναγιωτόπουλος ,221,Πάνος Παναγιωτοπουλος,Β' ΑΘΗΝΩΝ,nd,
"Παναγουλης, ΣταθηςΣτάθης Παναγούλης",Παναγουλης, Σταθης,Στάθης Παναγούλης,222,,Β' ΑΘΗΝΩΝ,syriza,
"Πανουσης, ΙωαννηςΙωάννης Πανούσης",Πανουσης, Ιωαννης,Ιωάννης Πανούσης,223,,Α' ΑΘΗΝΩΝ,dimar,
"Παντζας, ΓιωργοςΓιώργος Πάντζας",Παντζας, Γιωργος,Γιώργος Πάντζας,224,,ΑΤΤΙΚΗΣ,syriza,
"Παπαδημουλης, ΔημητριοςΔημήτριος Παπαδημούλης",Παπαδημουλης, Δημητριος,Δημήτριος Παπαδημούλης,225,,Β' ΑΘΗΝΩΝ,syriza,
"Παπαδοπουλος, ΜιχαηλΜιχαήλ Παπαδόπουλος",Παπαδοπουλος, Μιχαηλ,Μιχαήλ Παπαδόπουλος,226,,ΚΟΖΑΝΗΣ,nd,
"Παπακωστα-Σιδηροπουλου, ΑικατερινηΑικατερίνη Παπακώστα-Σιδηροπούλου",Παπακωστα-Σιδηροπουλου, Αικατερινη,Αικατερίνη Παπακώστα-Σιδηροπούλου,227,,Β' ΑΘΗΝΩΝ,nd,
"Παπανδρεου, ΓεωργιοςΓεώργιος Παπανδρέου",Παπανδρεου, Γεωργιος,Γεώργιος Παπανδρέου,228,,ΑΧΑΪΑΣ,pasok,
"Παπαρηγα, ΑλεξανδραΑλεξάνδρα Παπαρήγα",Παπαρηγα, Αλεξανδρα,Αλεξάνδρα Παπαρήγα,229,,Β' ΑΘΗΝΩΝ,kke,
"Παππας, ΧρηστοςΧρήστος Παππάς *(fr)*",Παππας, Χρηστος,Χρήστος Παππάς ,230,,ΕΠΙΚΡΑΤΕΙΑΣ,xa,
"Παραστατιδης, ΘεοδωροςΘεόδωρος Παραστατίδης",Παραστατιδης, Θεοδωρος,Θεόδωρος Παραστατίδης,231,,ΚΙΛΚΙΣ,pasok,
"Πασχαλιδης, ΙωαννηςΙωάννης Πασχαλίδης",Πασχαλιδης, Ιωαννης,Ιωάννης Πασχαλίδης,232,,ΚΑΒΑΛΑΣ,nd,
"Πατριανακου, ΦεβρωνιαΦεβρωνία Πατριανάκου",Πατριανακου, Φεβρωνια,Φεβρωνία Πατριανάκου,233,,ΛΑΚΩΝΙΑΣ,nd,
"Παυλοπουλος, ΠροκοπιοςΠροκόπιος Παυλόπουλος",Παυλοπουλος, Προκοπιος,Προκόπιος Παυλόπουλος,234,,Α' ΑΘΗΝΩΝ,nd,
"Παφιλης, ΑθανασιοςΑθανάσιος Παφίλης *(en)*",Παφιλης, Αθανασιος,Αθανάσιος Παφίλης ,235,,ΕΠΙΚΡΑΤΕΙΑΣ,kke,
"Πετρακος, ΑθανασιοςΑθανάσιος Πετράκος",Πετρακος, Αθανασιος,Αθανάσιος Πετράκος,236,,ΜΕΣΣΗΝΙΑΣ,syriza,
"Πιπιλη, ΦωτεινηΦωτεινή Πιπιλή",Πιπιλη, Φωτεινη,Φωτεινή Πιπιλή,237,,Α' ΑΘΗΝΩΝ,nd,
"Πλακιωτακης, ΙωαννηςΙωάννης Πλακιωτάκης",Πλακιωτακης, Ιωαννης,Ιωάννης Πλακιωτάκης,238,,ΛΑΣΙΘΙΟΥ,nd,
"Πολυδωρας, ΒυρωνΒύρων Πολύδωρας",Πολυδωρας, Βυρων,Βύρων Πολύδωρας,239,,Β' ΑΘΗΝΩΝ,nd,
"Ραπτη, ΕλενηΕλένη Ράπτη",Ραπτη, Ελενη,Ελένη Ράπτη,240,,Α' ΘΕΣΣΑΛΟΝΙΚΗΣ,nd,
"Ρεπουση, ΜαριαΜαρία Ρεπούση",Ρεπουση, Μαρια,Μαρία Ρεπούση,241,,Α' ΠΕΙΡΑΙΩΣ,dimar,
"Ρηγας, ΠαναγιωτηςΠαναγιώτης Ρήγας",Ρηγας, Παναγιωτης,Παναγιώτης Ρήγας,242,,ΚΥΚΛΑΔΩΝ,pasok,
"Σακοραφα, ΣοφιαΣοφία Σακοράφα",Σακοραφα, Σοφια,Σοφία Σακοράφα,243,,Β' ΑΘΗΝΩΝ,syriza,
"Σαλμας, ΜαριοςΜάριος Σαλμάς",Σαλμας, Μαριος,Μάριος Σαλμάς,244,,ΑΙΤΩΛΙΑΣ ΚΑΙ AΚΑΡΝΑΝΙΑΣ,nd,
"Σαλτουρος, ΔημητριοςΔημήτριος Σαλτούρος",Σαλτουρος, Δημητριος,Δημήτριος Σαλτούρος,245,,ΞΑΝΘΗΣ,pasok,
"Σαμαρας, ΑντωνιοςΑντώνιος Σαμαράς",Σαμαρας, Αντωνιος,Αντώνιος Σαμαράς,246,,ΜΕΣΣΗΝΙΑΣ,nd,
"Σαμοιλης, ΣτεφανοςΣτέφανος Σαμοΐλης",Σαμοιλης, Στεφανος,Στέφανος Σαμοΐλης,247,,ΚΕΡΚΥΡΑΣ,syriza,
"Σαμπαζιωτης, ΔημητριοςΔημήτριος Σαμπαζιώτης",Σαμπαζιωτης, Δημητριος,Δημήτριος Σαμπαζιώτης,248,,ΜΕΣΣΗΝΙΑΣ,nd,
"Σαχινιδης, ΦιλιπποςΦίλιππος Σαχινίδης",Σαχινιδης, Φιλιππος,Φίλιππος Σαχινίδης,249,,ΛΑΡΙΣΗΣ,pasok,
"Σενετακης, ΜαξιμοςΜάξιμος Σενετάκης",Σενετακης, Μαξιμος,Μάξιμος Σενετάκης,250,,ΗΡΑΚΛΕΙΟΥ,nd,
"Σηφουνακης, ΝικολαοςΝικόλαος Σηφουνάκης",Σηφουνακης, Νικολαος,Νικόλαος Σηφουνάκης,251,,ΛΕΣΒΟΥ,pasok,
"Σκανδαλιδης, ΚωνσταντινοςΚωνσταντίνος Σκανδαλίδης",Σκανδαλιδης, Κωνσταντινος,Κωνσταντίνος Σκανδαλίδης,252,,Α' ΑΘΗΝΩΝ,pasok,
"Σκονδρα, ΑσημιναΑσημίνα Σκόνδρα",Σκονδρα, Ασημινα,Ασημίνα Σκόνδρα,253,,ΚΑΡΔΙΤΣΗΣ,nd,
"Σκρεκας, ΚωνσταντινοςΚωνσταντίνος Σκρέκας",Σκρεκας, Κωνσταντινος,Κωνσταντίνος Σκρέκας,254,,ΤΡΙΚΑΛΩΝ,nd,
"Σολδατος, ΘεοδωροςΘεόδωρος Σολδάτος",Σολδατος, Θεοδωρος,Θεόδωρος Σολδάτος,255,,ΛΕΥΚΑΔΟΣ,nd,
"Σπηλιωτοπουλος, ΑριστοβουλοςΑριστόβουλος Σπηλιωτόπουλος (Άρης)",Σπηλιωτοπουλος, Αριστοβουλος,Αριστόβουλος Σπηλιωτόπουλος ,256,Άρης Σπηλιωτοπουλος,Β' ΑΘΗΝΩΝ,nd,
"Σταθακης, ΓεωργιοςΓεώργιος Σταθάκης",Σταθακης, Γεωργιος,Γεώργιος Σταθάκης,257,,ΧΑΝΙΩΝ,syriza,
"Σταθας, ΙωαννηςΙωάννης Σταθάς",Σταθας, Ιωαννης,Ιωάννης Σταθάς,258,,ΒΟΙΩΤΙΑΣ,syriza,
"Σταικουρας, ΧρηστοςΧρήστος Σταϊκούρας",Σταικουρας, Χρηστος,Χρήστος Σταϊκούρας,259,,ΦΘΙΩΤΙΔΑΣ,nd,
"Σταμενιτης, ΔιονυσιοςΔιονύσιος Σταμενίτης *(bg)*",Σταμενιτης, Διονυσιος,Διονύσιος Σταμενίτης ,260,,ΠΕΛΛΗΣ,nd,
"Σταμπουλη, ΑφροδιτηΑφροδίτη Σταμπουλή *(bg)*",Σταμπουλη, Αφροδιτη,Αφροδίτη Σταμπουλή ,261,,ΣΕΡΡΩΝ,syriza,
"Σταυρινουδη-Σοδη, Μαρια*Μαρία Σταυρινούδη-Σόδη*",Σταυρινούδη-Σόδη,Μαρία ,Μαρία Σταυρινούδη-Σόδη,262,,ΧΙΟΥ,"Ν.Δ. (αντικατάσταση του παραιτηθέντος βουλευτή Σταμάτη Κάρμαντζη, ο οποίος 
αντικατέστησε με τη σειρά του τον βουλευτή Κωνσταντίνου Μουσουρούλη λόγω 
παραίτησης)",
"Στρατουλης, ΔημητριοςΔημήτριος Στρατούλης",Στρατουλης, Δημητριος,Δημήτριος Στρατούλης,263,,Β' ΑΘΗΝΩΝ,syriza,
"Στυλιανιδης, ΕυριπιδηςΕυριπίδης Στυλιανίδης",Στυλιανιδης, Ευριπιδης,Ευριπίδης Στυλιανίδης,264,,ΡΟΔΟΠΗΣ,nd,
"Στυλιος, ΓεωργιοςΓεώργιος Στύλιος",Στυλιος, Γεωργιος,Γεώργιος Στύλιος,265,,ΑΡΤΗΣ,nd,
"Συρμαλενιος, ΝικολαοςΝικόλαος Συρμαλένιος",Συρμαλενιος, Νικολαος,Νικόλαος Συρμαλένιος,266,,ΚΥΚΛΑΔΩΝ,syriza,
"Ταγαρας, ΝικολαοςΝικόλαος Ταγαράς",Ταγαρας, Νικολαος,Νικόλαος Ταγαράς,267,,ΚΟΡΙΝΘΙΑΣ,nd,
"Ταλιαδουρος, ΣπυριδωνΣπυρίδων Ταλιαδούρος *(en)*",Ταλιαδουρος, Σπυριδων,Σπυρίδων Ταλιαδούρος ,268,,ΚΑΡΔΙΤΣΗΣ,nd,
"Ταμηλος, ΜιχαηλΜιχαήλ Ταμήλος",Ταμηλος, Μιχαηλ,Μιχαήλ Ταμήλος,269,,ΤΡΙΚΑΛΩΝ,nd,
"Τασουλας, ΚωνσταντινοςΚωνσταντίνος Τασούλας",Τασουλας, Κωνσταντινος,Κωνσταντίνος Τασούλας,270,,ΙΩΑΝΝΙΝΩΝ,nd,
"Τατσοπουλος, Πετρος-ΓεωργιοςΠέτρος-Γεώργιος Τατσόπουλος",Τατσοπουλος, Πετρος-Γεωργιος,Πέτρος-Γεώργιος Τατσόπουλος,271,,Β' ΑΘΗΝΩΝ,syriza,
"Τζαβαρας, ΚωνσταντινοςΚωνσταντίνος Τζαβάρας",Τζαβαρας, Κωνσταντινος,Κωνσταντίνος Τζαβάρας,272,,ΗΛΕΙΑΣ,nd,
"Τζακρη, ΘεοδωραΘεοδώρα Τζάκρη",Τζακρη, Θεοδωρα,Θεοδώρα Τζάκρη,273,,ΠΕΛΛΗΣ,pasok,
"Τζαμτζης, ΙορδανηςΙορδάνης Τζαμτζής",Τζαμτζης, Ιορδανης,Ιορδάνης Τζαμτζής,274,,ΠΕΛΛΗΣ,nd,
"Τραγακης, ΙωαννηςΙωάννης Τραγάκης",Τραγακης, Ιωαννης,Ιωάννης Τραγάκης,275,,Β' ΠΕΙΡΑΙΩΣ,nd,
"Τριανταφυλλος, ΚωνσταντινοςΚωνσταντίνος Τριαντάφυλλος",Τριανταφυλλος, Κωνσταντινος,Κωνσταντίνος Τριαντάφυλλος,276,,ΧΙΟΥ,pasok,
"Τριανταφυλλου, ΜαριαΜαρία Τριανταφύλλου",Τριανταφυλλου, Μαρια,Μαρία Τριανταφύλλου,277,,ΑΙΤΩΛΙΑΣ ΚΑΙ AΚΑΡΝΑΝΙΑΣ,syriza,
"Τσαβδαρίδης, ΛαζαροςΛάζαρος Τσαβδαρίδης",Τσαβδαρίδης, Λαζαρος,Λάζαρος Τσαβδαρίδης,278,,ΗΜΑΘΙΑΣ,nd,
"Τσακαλωτος, ΕυκλειδηςΕυκλείδης Τσακαλώτος",Τσακαλωτος, Ευκλειδης,Ευκλείδης Τσακαλώτος,279,,Β' ΑΘΗΝΩΝ,syriza,
"Τσιαρας, ΚωνσταντινοςΚωνσταντίνος Τσιάρας",Τσιαρας, Κωνσταντινος,Κωνσταντίνος Τσιάρας,280,,ΚΑΡΔΙΤΣΗΣ,nd,
"Τσιπρας, ΑλεξιοςΑλέξιος Τσίπρας",Τσιπρας, Αλεξιος,Αλέξιος Τσίπρας,281,,Α' ΑΘΗΝΩΝ,syriza,
"Τσουκαλας, ΔημητριοςΔημήτρης Τσουκαλάς",Τσουκαλας, Δημητριος,Δημήτρης Τσουκαλάς,282,,ΕΠΙΚΡΑΤΕΙΑΣ,syriza,
"Τσουκαλης, ΝικολαοςΝικόλαος Τσούκαλης",Τσουκαλης, Νικολαος,Νικόλαος Τσούκαλης,283,,ΑΧΑΪΑΣ,dimar,
"Τσουμανης, ΔημητριοςΔημήτριος Τσουμάνης",Τσουμανης, Δημητριος,Δημήτριος Τσουμάνης,284,,ΠΡΕΒΕΖΗΣ,nd,
"Υψηλαντης, Βασιλειος-ΝικολαοςΒασίλειος-Νικόλαος Υψηλάντης",Υψηλαντης, Βασιλειος-Νικολαος,Βασίλειος-Νικόλαος Υψηλάντης,285,,ΔΩΔΕΚΑΝΗΣΟΥ,nd,
"Φουντα, ΝικηΝίκη Φούντα",Φουντα, Νικη,Νίκη Φούντα,286,,ΑΙΤΩΛΙΑΣ ΚΑΙ AΚΑΡΝΑΝΙΑΣ,dimar,
"Φωτιου, ΘεανωΘεανώ Φωτίου",Φωτιου, Θεανω,Θεανώ Φωτίου,287,,ΕΠΙΚΡΑΤΕΙΑΣ,syriza,
"Χαικαλης, ΠαυλοςΠαύλος Χαϊκάλης",Χαικαλης, Παυλος,Παύλος Χαϊκάλης,288,,ΑΤΤΙΚΗΣ,anel,
"Χαλβατζης, ΣπυριδωνΣπυρίδων Χαλβατζής",Χαλβατζης, Σπυριδων,Σπυρίδων Χαλβατζής,289,,Β' ΑΘΗΝΩΝ,kke,
"Χαρακοπουλος, ΜαξιμοςΜάξιμος Χαρακόπουλος",Χαρακοπουλος, Μαξιμος,Μάξιμος Χαρακόπουλος,290,,ΛΑΡΙΣΗΣ,nd,
"Χαραλαμπιδου, ΔεσποιναΔέσποινα Χαραλαμπίδου *(bg)*",Χαραλαμπιδου, Δεσποινα,Δέσποινα Χαραλαμπίδου ,291,,Α' ΘΕΣΣΑΛΟΝΙΚΗΣ,syriza,
"Χατζη Οσμαν, ΑχμετΑχμέτ Χατζή Οσμάν *(en)*",Χατζη Οσμαν, Αχμετ,Αχμέτ Χατζή Οσμάν ,292,,ΡΟΔΟΠΗΣ,pasok,
"Χατζηδακης, ΚωνσταντινοςΚωνσταντίνος Χατζηδάκης (Κωστής)",Χατζηδακης, Κωνσταντινος,Κωνσταντίνος Χατζηδάκης ,293,Κωστής Χατζηδακης,Β' ΑΘΗΝΩΝ,nd,
"Χατζηλαμπρου, ΒασιλειοςΒασίλειος Χατζηλάμπρου",Χατζηλαμπρου, Βασιλειος,Βασίλειος Χατζηλάμπρου,294,,ΑΧΑΪΑΣ,syriza,
"Χριστογιαννης, ΔημητριοςΔημήτριος Χριστογιάννης",Χριστογιαννης, Δημητριος,Δημήτριος Χριστογιάννης,295,,ΠΙΕΡΙΑΣ,nd,
"Χριστοφιλοπουλου, ΠαρασκευηΠαρασκευή Χριστοφιλοπούλου (Εύη)",Χριστοφιλοπουλου, Παρασκευη,Παρασκευή Χριστοφιλοπούλου ,296,Εύη Χριστοφιλοπουλου,ΑΤΤΙΚΗΣ,pasok,
"Χρυσοβελωνη, ΜαριναΜαρίνα Χρυσοβελώνη",Χρυσοβελωνη, Μαρινα,Μαρίνα Χρυσοβελώνη,297,,ΜΑΓΝΗΣΙΑΣ,anel,
"Χρυσοχοιδης, ΜιχαηλΜιχαήλ Χρυσοχοΐδης",Χρυσοχοιδης, Μιχαηλ,Μιχαήλ Χρυσοχοΐδης,298,,Β' ΑΘΗΝΩΝ,pasok,
"Ψαριανος, ΓρηγοριοςΓρηγόριος Ψαριανός",Ψαριανος, Γρηγοριος,Γρηγόριος Ψαριανός,299,,Β' ΑΘΗΝΩΝ,dimar,
"Ψυρρας, ΘωμαςΘωμάς Ψύρρας",Ψυρρας, Θωμας,Θωμάς Ψύρρας,300,,ΛΑΡΙΣΗΣ,dimar,
,,,,301,,,,
